{"cameraMode":{"drawMode":0,"name":"Shaded","section":"Shading Mode"},"sceneLighting":false,"audioPlay":false,"sceneViewState":{"showFog":false,"showMaterialUpdate":true,"showSkybox":true,"showFlares":true,"showImageEffects":true,"showParticleSystems":true},"in2DMode":false,"pivot":{"x":104.12625122070313,"y":-146.84683227539063,"z":-84.09799194335938},"rotation":{"x":0.1564178764820099,"y":0.8422092795372009,"z":-0.3376687467098236,"w":0.3901388347148895},"size":267.9163818359375,"orthographic":false}